ExampleID,RatID,Strategy,Phase,File,DatasetRelativePath,SHA256
Rat07_130Hz_OL_Pre_seg010,Rat07,130Hz_OL,Pre,Rat07_130Hz_OL_Pre_seg010.mat,05_130Hz_OL/Rat07/Pre/Rat07_130Hz_OL_Pre_seg010.mat,ef4b4c5a355d0338d3002edbfd64856ec7bf551882ee31144b521dc4f7438de4
Rat07_130Hz_OL_Pre_seg006,Rat07,130Hz_OL,Pre,Rat07_130Hz_OL_Pre_seg006.mat,05_130Hz_OL/Rat07/Pre/Rat07_130Hz_OL_Pre_seg006.mat,8f81335f4fafbcc74644b0751c8226cec2c82f6c6218861fb9193bdd0fd4f6e2
Rat07_130Hz_OL_Stim_seg009,Rat07,130Hz_OL,Stim,Rat07_130Hz_OL_Stim_seg009.mat,05_130Hz_OL/Rat07/Stim/Rat07_130Hz_OL_Stim_seg009.mat,f4269627379731f2a1c4378c4bbc0873622f95b485f7afe3f5199d6ac788f6cb
Rat07_130Hz_OL_Stim_seg010,Rat07,130Hz_OL,Stim,Rat07_130Hz_OL_Stim_seg010.mat,05_130Hz_OL/Rat07/Stim/Rat07_130Hz_OL_Stim_seg010.mat,4a58ecd405aa2f46e573db8338f649d880914266f1ec5c0a5022d80417d9f4a3
Rat07_130Hz_OL_Post_seg011,Rat07,130Hz_OL,Post,Rat07_130Hz_OL_Post_seg011.mat,05_130Hz_OL/Rat07/Post/Rat07_130Hz_OL_Post_seg011.mat,f98aa282de67f57985c8e30e7577c10d2992cfd016ad7f657439dbff65995fd3
Rat07_130Hz_OL_Post_seg005,Rat07,130Hz_OL,Post,Rat07_130Hz_OL_Post_seg005.mat,05_130Hz_OL/Rat07/Post/Rat07_130Hz_OL_Post_seg005.mat,6f8aab188f563ab335cd702b7b432e934d927aa107e6970a9921fb4650050d29
Rat08_130Hz_OL_Pre_seg006,Rat08,130Hz_OL,Pre,Rat08_130Hz_OL_Pre_seg006.mat,05_130Hz_OL/Rat08/Pre/Rat08_130Hz_OL_Pre_seg006.mat,fee7dfeecd210932cd99331934fa94b6780432508fb08986554f43e5243986e6
Rat08_130Hz_OL_Pre_seg010,Rat08,130Hz_OL,Pre,Rat08_130Hz_OL_Pre_seg010.mat,05_130Hz_OL/Rat08/Pre/Rat08_130Hz_OL_Pre_seg010.mat,9b01c09d29fbda0c067c248c86ea684e147e4ee6e877fd5efa75102ab35cf86e
Rat08_130Hz_OL_Stim_seg011,Rat08,130Hz_OL,Stim,Rat08_130Hz_OL_Stim_seg011.mat,05_130Hz_OL/Rat08/Stim/Rat08_130Hz_OL_Stim_seg011.mat,09736d83b08afaa7152d968b26d8dbd2afadfb3b94c9ba970da6f61c750d0fe3
Rat08_130Hz_OL_Stim_seg007,Rat08,130Hz_OL,Stim,Rat08_130Hz_OL_Stim_seg007.mat,05_130Hz_OL/Rat08/Stim/Rat08_130Hz_OL_Stim_seg007.mat,e72987d82e643200251b7dab99a29a1ef86a029312ac4ff5dacc0ea955cd978a
Rat08_130Hz_OL_Post_seg002,Rat08,130Hz_OL,Post,Rat08_130Hz_OL_Post_seg002.mat,05_130Hz_OL/Rat08/Post/Rat08_130Hz_OL_Post_seg002.mat,9d173c170d50b6ddf2d4f46076788f9959c8d43fbb203ec167657f3f13d54faa
Rat08_130Hz_OL_Post_seg001,Rat08,130Hz_OL,Post,Rat08_130Hz_OL_Post_seg001.mat,05_130Hz_OL/Rat08/Post/Rat08_130Hz_OL_Post_seg001.mat,0ad76b9f69ca7c82c764dde16f723cf3b6e021842e7755ef95352c9982adce68
